[
    {
        "id": 1,
        "title": "Nebelgebirge",
        "photographer": "Alex Schmidt",
        "imageUrl": "https://images.unsplash.com/photo-1506905925346-21bda4d32df4?auto=format&fit=crop&w=800&q=80",
        "rating": 4.8,
        "price": "$150",
        "specs": {
            "camera": "Sony A7III",
            "aperture": "f/2.8"
        },
        "description": "Ein atemberaubender Blick auf eine Bergkette, die in Morgennebel gehüllt ist."
    },
    {
        "id": 2,
        "title": "Tropischer Wasserfall",
        "photographer": "Maria Garcia",
        "imageUrl": "https://images.unsplash.com/photo-1506744038136-46273834b3fb?auto=format&fit=crop&w=800&q=80",
        "rating": 4.9,
        "price": "$200",
        "specs": {
            "camera": "Canon EOS R5",
            "aperture": "f/4.0"
        },
        "description": "Ein majestätischer Wasserfall, der in einem üppigen tropischen Dschungel liegt."
    },
    {
        "id": 3,
        "title": "Wüstendünen",
        "photographer": "Kenji Tanaka",
        "imageUrl": "https://images.unsplash.com/photo-1509316785289-025f5b846b35?auto=format&fit=crop&w=800&q=80",
        "rating": 4.7,
        "price": "$120",
        "specs": {
            "camera": "Nikon Z7 II",
            "aperture": "f/4.0"
        },
        "description": "Die endlosen, geschwungenen Sanddünen der Wüste bei Sonnenuntergang."
    },
    {
        "id": 4,
        "title": "Urbaner Dschungel",
        "photographer": "Chris Lee",
        "imageUrl": "https://images.unsplash.com/photo-1477959858617-67f85cf4f1df?auto=format&fit=crop&w=800&q=80",
        "rating": 4.6,
        "price": "$180",
        "specs": {
            "camera": "Fuji X-T4",
            "aperture": "f/5.6"
        },
        "description": "Eine atemberaubende Luftaufnahme der Skyline von Chicago bei Nacht."
    },
    {
        "id": 5,
        "title": "Goldene Küste",
        "photographer": "Sarah Miller",
        "imageUrl": "https://images.unsplash.com/photo-1507525428034-b723cf961d3e?auto=format&fit=crop&w=800&q=80",
        "rating": 4.9,
        "price": "$250",
        "specs": {
            "camera": "Sony A7R IV",
            "aperture": "f/8.0"
        },
        "description": "Ein einsamer weißer Sandstrand mit kristallklarem, blauem Wasser."
    },
    {
        "id": 6,
        "title": "Mystischer Wald",
        "photographer": "Lukas Weber",
        "imageUrl": "https://images.unsplash.com/photo-1441974231531-c6227db76b6e?auto=format&fit=crop&w=800&q=80",
        "rating": 4.5,
        "price": "$90",
        "specs": {
            "camera": "Canon 5D Mark IV",
            "aperture": "f/4.0"
        },
        "description": "Sonnenstrahlen fallen durch das dichte Blätterdach eines alten Waldes."
    },
    {
        "id": 7,
        "title": "Sahara Sonnenuntergang",
        "photographer": "Amina El-Sayed",
        "imageUrl": "https://images.unsplash.com/photo-1500534623283-312aade485b7?auto=format&fit=crop&w=800&q=80",
        "rating": 4.8,
        "price": "$175",
        "specs": {
            "camera": "Nikon D850",
            "aperture": "f/11"
        },
        "description": "Die Sonne geht über den endlosen Sanddünen der Sahara unter."
    },
    {
        "id": 8,
        "title": "Island-Abenteuer",
        "photographer": "Thor Larson",
        "imageUrl": "https://images.unsplash.com/photo-1476610182048-b716b8518aae?auto=format&fit=crop&w=800&q=80",
        "rating": 5.0,
        "price": "$300",
        "specs": {
            "camera": "Phase One IQ4",
            "aperture": "f/11"
        },
        "description": "Ein gewaltiger Wasserfall im rauen Hochland von Island."
    },
    {
        "id": 9,
        "title": "Lavendelfelder",
        "photographer": "Jean Dupont",
        "imageUrl": "https://images.unsplash.com/photo-1499002238440-d264edd596ec?auto=format&fit=crop&w=800&q=80",
        "rating": 4.7,
        "price": "$140",
        "specs": {
            "camera": "Sony A6400",
            "aperture": "f/1.8"
        },
        "description": "Ein endloses lila Meer aus Lavendel in der Provence."
    },
    {
        "id": 10,
        "title": "Patagonische Weiten",
        "photographer": "Sofia Martinez",
        "imageUrl": "https://images.unsplash.com/photo-1501785888041-af3ef285b470?auto=format&fit=crop&w=800&q=80",
        "rating": 4.9,
        "price": "$220",
        "specs": {
            "camera": "Canon EOS-1D X Mark III",
            "aperture": "f/5.6"
        },
        "description": "Die weiten Ebenen und schroffen Berge Patagoniens unter einem dramatischen Himmel."
    },
    {
        "id": 11,
        "title": "Tokyo Neon",
        "photographer": "Yuki Sato",
        "imageUrl": "https://images.unsplash.com/photo-1503899036084-c55cdd92da26?auto=format&fit=crop&w=800&q=80",
        "rating": 4.6,
        "price": "$165",
        "specs": {
            "camera": "Fujifilm X100V",
            "aperture": "f/2.0"
        },
        "description": "Die pulsierenden Straßen von Tokyo mit ihren leuchtenden Werbeschildern."
    },
    {
        "id": 12,
        "title": "Alpen-Panorama",
        "photographer": "Hans Huber",
        "imageUrl": "https://images.unsplash.com/photo-1464822759023-fed622ff2c3b?auto=format&fit=crop&w=800&q=80",
        "rating": 4.8,
        "price": "$195",
        "specs": {
            "camera": "Canon EOS R",
            "aperture": "f/5.6"
        },
        "description": "Drei majestätische Gipfel der Alpen unter einem strahlend blauen Himmel."
    },
    {
        "id": 13,
        "title": "Bali Sonnenaufgang",
        "photographer": "Indra Putra",
        "imageUrl": "https://images.unsplash.com/photo-1537996194471-e657df975ab4?auto=format&fit=crop&w=800&q=80",
        "rating": 4.7,
        "price": "$135",
        "specs": {
            "camera": "GoPro Hero 11",
            "aperture": "f/2.8"
        },
        "description": "Ein ruhiger Morgen in den Reisterrassen von Ubud auf Bali."
    },
    {
        "id": 14,
        "title": "Der Grand Canyon",
        "photographer": "Mike Johnson",
        "imageUrl": "https://images.unsplash.com/photo-1474044159687-1ee9f3a51722?auto=format&fit=crop&w=800&q=80",
        "rating": 4.9,
        "price": "$225",
        "specs": {
            "camera": "Nikon Z9",
            "aperture": "f/8.0"
        },
        "description": "Die gewaltigen Ausmaße des Grand Canyon bei Mittagssonne."
    },
    {
        "id": 15,
        "title": "Santorini Blau",
        "photographer": "Elena Pappas",
        "imageUrl": "https://images.unsplash.com/photo-1533105079780-92b9be482077?auto=format&fit=crop&w=800&q=80",
        "rating": 4.8,
        "price": "$240",
        "specs": {
            "camera": "Sony A7III",
            "aperture": "f/4.0"
        },
        "description": "Weiße Häuser mit blauen Dächern blicken auf das Ägäische Meer."
    },
    {
        "id": 16,
        "title": "Roter Herbst",
        "photographer": "Sven Berg",
        "imageUrl": "https://images.unsplash.com/photo-1506126613408-eca07ce68773?auto=format&fit=crop&w=800&q=80",
        "rating": 4.4,
        "price": "$85",
        "specs": {
            "camera": "Canon 80D",
            "aperture": "f/2.8"
        },
        "description": "Bunte Herbstblätter spiegeln sich in einem ruhigen Waldsee."
    },
    {
        "id": 17,
        "title": "New York Skyline",
        "photographer": "David Stern",
        "imageUrl": "https://images.unsplash.com/photo-1496442226666-8d4d0e62e6e9?auto=format&fit=crop&w=800&q=80",
        "rating": 4.7,
        "price": "$190",
        "specs": {
            "camera": "Leica M11",
            "aperture": "f/1.4"
        },
        "description": "Blick vom Empire State Building über Manhattan."
    },
    {
        "id": 18,
        "title": "Elefanten-Safari",
        "photographer": "Kofi Mensah",
        "imageUrl": "https://images.unsplash.com/photo-1557050543-4d5f4e07ef46?auto=format&fit=crop&w=800&q=80",
        "rating": 4.9,
        "price": "$270",
        "specs": {
            "camera": "Nikon D6",
            "aperture": "f/4.5"
        },
        "description": "Eine Herde Elefanten wandert durch die afrikanische Savanne."
    },
    {
        "id": 19,
        "title": "Geheimnisvolle Grotte",
        "photographer": "Carlos Silva",
        "imageUrl": "https://images.unsplash.com/photo-1502726299822-6f583f972e02?auto=format&fit=crop&w=800&q=80",
        "rating": 4.6,
        "price": "$115",
        "specs": {
            "camera": "Panasonic Lumix S5",
            "aperture": "f/3.5"
        },
        "description": "Tiefblaues Wasser in einer versteckten Meereshöhle."
    },
    {
        "id": 20,
        "title": "Highway to Heaven",
        "photographer": "Rachel Green",
        "imageUrl": "https://images.unsplash.com/photo-1469474968028-56623f02e42e?auto=format&fit=crop&w=800&q=80",
        "rating": 4.8,
        "price": "$160",
        "specs": {
            "camera": "Canon EOS R6",
            "aperture": "f/8.0"
        },
        "description": "Eine einsame Straße führt durch die majestätischen Berge."
    }
]